Dimension, Obstacles, Seed, Algorithm, Time, Nodes Expanded, Plan Length, Error, Plan, Env
4x4, 0, 3735929054, bfs, 1.86, 88, 7, None, MoveF_MoveF_MoveF_MoveF_MoveF_MoveF_MoveF, canWorld
4x4, 0, 3735929054, ucs, 0.96, 51, 7, None, MoveF_MoveF_MoveF_MoveF_MoveF_MoveF_MoveF, canWorld
4x4, 0, 3735929054, gbfs, 0.14, 7, 7, None, MoveF_MoveF_MoveF_MoveF_MoveF_MoveF_MoveF, canWorld
4x4, 0, 3735929054, astar, 0.32, 16, 7, None, MoveF_MoveF_MoveF_MoveF_MoveF_MoveF_MoveF, canWorld
4x4, 0, 3735929054, custom-astar, 0.27, 14, 7, None, MoveF_MoveF_MoveF_MoveF_MoveF_MoveF_MoveF, canWorld
4x4, 0, 195936467, bfs, 1.40, 77, 7, None, MoveF_TurnCCW_MoveF_MoveF_MoveF_MoveF_MoveF, canWorld
4x4, 0, 195936467, ucs, 1.22, 69, 7, None, MoveF_TurnCCW_MoveF_MoveF_MoveF_MoveF_MoveF, canWorld
4x4, 0, 195936467, gbfs, 0.17, 8, 7, None, MoveF_TurnCCW_MoveF_MoveF_MoveF_MoveF_MoveF, canWorld
4x4, 0, 195936467, astar, 0.58, 30, 7, None, MoveF_TurnCCW_MoveF_MoveF_MoveF_MoveF_MoveF, canWorld
4x4, 0, 195936467, custom-astar, 0.51, 27, 7, None, MoveF_TurnCCW_MoveF_MoveF_MoveF_MoveF_MoveF, canWorld
4x4, 0, 20493, bfs, 4.48, 209, 11, None, MoveF_MoveF_MoveF_TurnCCW_MoveF_MoveF_MoveF_MoveF_MoveF_MoveF_MoveF, canWorld
4x4, 0, 20493, ucs, 3.88, 187, 11, None, MoveF_MoveF_MoveF_TurnCCW_MoveF_MoveF_MoveF_MoveF_MoveF_MoveF_MoveF, canWorld
4x4, 0, 20493, gbfs, 0.27, 12, 11, None, MoveF_MoveF_MoveF_TurnCCW_MoveF_MoveF_MoveF_MoveF_MoveF_MoveF_MoveF, canWorld
4x4, 0, 20493, astar, 2.96, 96, 11, None, MoveF_MoveF_MoveF_TurnCCW_MoveF_MoveF_MoveF_MoveF_MoveF_MoveF_MoveF, canWorld
4x4, 0, 20493, custom-astar, 1.73, 91, 11, None, MoveF_MoveF_MoveF_TurnCCW_MoveF_MoveF_MoveF_MoveF_MoveF_MoveF_MoveF, canWorld
4x4, 4, 3735929054, bfs, 3.82, 171, 10, None, MoveF_MoveF_MoveF_MoveF_MoveF_MoveF_MoveF_TurnCCW_MoveF_MoveF, canWorld
4x4, 4, 3735929054, ucs, 2.90, 143, 10, None, MoveF_MoveF_MoveF_MoveF_MoveF_MoveF_MoveF_TurnCCW_MoveF_MoveF, canWorld
4x4, 4, 3735929054, gbfs, 0.24, 11, 10, None, MoveF_MoveF_MoveF_MoveF_MoveF_MoveF_MoveF_TurnCCW_MoveF_MoveF, canWorld
4x4, 4, 3735929054, astar, 1.46, 75, 10, None, MoveF_MoveF_MoveF_MoveF_MoveF_MoveF_MoveF_TurnCCW_MoveF_MoveF, canWorld
4x4, 4, 3735929054, custom-astar, 1.35, 70, 10, None, MoveF_MoveF_MoveF_MoveF_MoveF_MoveF_MoveF_TurnCCW_MoveF_MoveF, canWorld
4x4, 4, 195936467, bfs, 2.52, 138, 10, None, MoveF_TurnCCW_MoveF_MoveF_MoveF_MoveF_MoveF_MoveF_MoveF_MoveF, canWorld
4x4, 4, 195936467, ucs, 1.81, 98, 10, None, MoveF_TurnCCW_MoveF_MoveF_MoveF_MoveF_MoveF_MoveF_MoveF_MoveF, canWorld
4x4, 4, 195936467, gbfs, 0.23, 11, 10, None, MoveF_TurnCCW_MoveF_MoveF_MoveF_MoveF_MoveF_MoveF_MoveF_MoveF, canWorld
4x4, 4, 195936467, astar, 0.96, 53, 10, None, MoveF_TurnCCW_MoveF_MoveF_MoveF_MoveF_MoveF_MoveF_MoveF_MoveF, canWorld
4x4, 4, 195936467, custom-astar, 0.82, 46, 10, None, MoveF_TurnCCW_MoveF_MoveF_MoveF_MoveF_MoveF_MoveF_MoveF_MoveF, canWorld
4x4, 4, 20493, bfs, 9.81, 527, 17, None, MoveF_MoveF_MoveF_MoveF_MoveF_MoveF_MoveF_MoveF_TurnCCW_MoveF_MoveF_MoveF_MoveF_MoveF_MoveF_MoveF_MoveF, canWorld
4x4, 4, 20493, ucs, 9.22, 476, 17, None, MoveF_MoveF_MoveF_MoveF_MoveF_MoveF_MoveF_MoveF_TurnCCW_MoveF_MoveF_MoveF_MoveF_MoveF_MoveF_MoveF_MoveF, canWorld
4x4, 4, 20493, gbfs, 0.34, 18, 17, None, MoveF_MoveF_MoveF_MoveF_MoveF_MoveF_MoveF_MoveF_TurnCCW_MoveF_MoveF_MoveF_MoveF_MoveF_MoveF_MoveF_MoveF, canWorld
4x4, 4, 20493, astar, 6.27, 287, 17, None, MoveF_MoveF_MoveF_MoveF_MoveF_MoveF_MoveF_MoveF_TurnCCW_MoveF_MoveF_MoveF_MoveF_MoveF_MoveF_MoveF_MoveF, canWorld
4x4, 4, 20493, custom-astar, 5.85, 276, 17, None, MoveF_MoveF_MoveF_MoveF_MoveF_MoveF_MoveF_MoveF_TurnCCW_MoveF_MoveF_MoveF_MoveF_MoveF_MoveF_MoveF_MoveF, canWorld
8x8, 0, 3735929054, bfs, 31.67, 1717, 30, None, MoveF_MoveF_MoveF_MoveF_MoveF_MoveF_MoveF_MoveF_MoveF_MoveF_MoveF_MoveF_MoveF_MoveF_MoveF_MoveF_TurnCCW_MoveF_MoveF_MoveF_MoveF_MoveF_MoveF_MoveF_MoveF_MoveF_MoveF_MoveF_MoveF_MoveF, canWorld
8x8, 0, 3735929054, ucs, 27.42, 1618, 30, None, MoveF_MoveF_MoveF_MoveF_MoveF_MoveF_MoveF_MoveF_MoveF_MoveF_MoveF_MoveF_MoveF_MoveF_MoveF_MoveF_TurnCCW_MoveF_MoveF_MoveF_MoveF_MoveF_MoveF_MoveF_MoveF_MoveF_MoveF_MoveF_MoveF_MoveF, canWorld
8x8, 0, 3735929054, gbfs, 0.56, 31, 30, None, MoveF_MoveF_MoveF_MoveF_MoveF_MoveF_MoveF_MoveF_MoveF_MoveF_MoveF_MoveF_MoveF_MoveF_MoveF_MoveF_TurnCCW_MoveF_MoveF_MoveF_MoveF_MoveF_MoveF_MoveF_MoveF_MoveF_MoveF_MoveF_MoveF_MoveF, canWorld
8x8, 0, 3735929054, astar, 17.95, 1046, 30, None, MoveF_MoveF_MoveF_MoveF_MoveF_MoveF_MoveF_MoveF_MoveF_MoveF_MoveF_MoveF_MoveF_MoveF_MoveF_MoveF_TurnCCW_MoveF_MoveF_MoveF_MoveF_MoveF_MoveF_MoveF_MoveF_MoveF_MoveF_MoveF_MoveF_MoveF, canWorld
8x8, 0, 3735929054, custom-astar, 18.01, 1052, 30, None, MoveF_MoveF_MoveF_MoveF_MoveF_MoveF_MoveF_MoveF_MoveF_MoveF_MoveF_MoveF_MoveF_MoveF_MoveF_MoveF_TurnCCW_MoveF_MoveF_MoveF_MoveF_MoveF_MoveF_MoveF_MoveF_MoveF_MoveF_MoveF_MoveF_MoveF, canWorld
8x8, 0, 195936467, bfs, 1.37, 77, 7, None, MoveF_TurnCCW_MoveF_MoveF_MoveF_MoveF_MoveF, canWorld
8x8, 0, 195936467, ucs, 1.20, 69, 7, None, MoveF_TurnCCW_MoveF_MoveF_MoveF_MoveF_MoveF, canWorld
8x8, 0, 195936467, gbfs, 0.16, 8, 7, None, MoveF_TurnCCW_MoveF_MoveF_MoveF_MoveF_MoveF, canWorld
8x8, 0, 195936467, astar, 0.52, 30, 7, None, MoveF_TurnCCW_MoveF_MoveF_MoveF_MoveF_MoveF, canWorld
8x8, 0, 195936467, custom-astar, 0.51, 27, 7, None, MoveF_TurnCCW_MoveF_MoveF_MoveF_MoveF_MoveF, canWorld
8x8, 0, 20493, bfs, 3.74, 209, 11, None, MoveF_MoveF_MoveF_TurnCCW_MoveF_MoveF_MoveF_MoveF_MoveF_MoveF_MoveF, canWorld
8x8, 0, 20493, ucs, 3.32, 187, 11, None, MoveF_MoveF_MoveF_TurnCCW_MoveF_MoveF_MoveF_MoveF_MoveF_MoveF_MoveF, canWorld
8x8, 0, 20493, gbfs, 0.23, 12, 11, None, MoveF_MoveF_MoveF_TurnCCW_MoveF_MoveF_MoveF_MoveF_MoveF_MoveF_MoveF, canWorld
8x8, 0, 20493, astar, 1.72, 96, 11, None, MoveF_MoveF_MoveF_TurnCCW_MoveF_MoveF_MoveF_MoveF_MoveF_MoveF_MoveF, canWorld
8x8, 0, 20493, custom-astar, 1.65, 91, 11, None, MoveF_MoveF_MoveF_TurnCCW_MoveF_MoveF_MoveF_MoveF_MoveF_MoveF_MoveF, canWorld
8x8, 14, 3735929054, bfs, 4.13, 237, 12, None, TurnCCW_MoveF_MoveF_MoveF_MoveF_MoveF_MoveF_MoveF_MoveF_MoveF_TurnCW_MoveF, canWorld
8x8, 14, 3735929054, ucs, 4.28, 248, 12, None, TurnCCW_MoveF_MoveF_MoveF_MoveF_MoveF_MoveF_MoveF_MoveF_MoveF_TurnCW_MoveF, canWorld
8x8, 14, 3735929054, gbfs, 0.45, 25, 16, None, MoveF_TurnCCW_MoveF_MoveF_MoveF_MoveF_TurnCW_MoveF_TurnCCW_MoveF_MoveF_MoveF_MoveF_MoveF_TurnCCW_MoveF, canWorld
8x8, 14, 3735929054, astar, 1.98, 115, 12, None, TurnCCW_MoveF_MoveF_MoveF_MoveF_MoveF_MoveF_MoveF_MoveF_MoveF_TurnCW_MoveF, canWorld
8x8, 14, 3735929054, custom-astar, 1.99, 116, 12, None, TurnCCW_MoveF_MoveF_MoveF_MoveF_MoveF_MoveF_MoveF_MoveF_MoveF_TurnCW_MoveF, canWorld
8x8, 14, 195936467, bfs, 26.96, 1575, 29, None, MoveF_MoveF_MoveF_MoveF_MoveF_MoveF_MoveF_MoveF_MoveF_MoveF_MoveF_MoveF_MoveF_TurnCCW_MoveF_MoveF_MoveF_MoveF_MoveF_MoveF_MoveF_MoveF_MoveF_MoveF_MoveF_MoveF_MoveF_MoveF_MoveF, canWorld
8x8, 14, 195936467, ucs, 25.29, 1480, 29, None, MoveF_MoveF_MoveF_MoveF_MoveF_MoveF_MoveF_MoveF_MoveF_MoveF_MoveF_MoveF_MoveF_TurnCCW_MoveF_MoveF_MoveF_MoveF_MoveF_MoveF_MoveF_MoveF_MoveF_MoveF_MoveF_MoveF_MoveF_MoveF_MoveF, canWorld
8x8, 14, 195936467, gbfs, 0.53, 30, 29, None, MoveF_MoveF_MoveF_MoveF_MoveF_MoveF_MoveF_MoveF_MoveF_MoveF_MoveF_MoveF_MoveF_TurnCCW_MoveF_MoveF_MoveF_MoveF_MoveF_MoveF_MoveF_MoveF_MoveF_MoveF_MoveF_MoveF_MoveF_MoveF_MoveF, canWorld
8x8, 14, 195936467, astar, 16.33, 959, 29, None, MoveF_MoveF_MoveF_MoveF_MoveF_MoveF_MoveF_MoveF_MoveF_MoveF_MoveF_MoveF_MoveF_TurnCCW_MoveF_MoveF_MoveF_MoveF_MoveF_MoveF_MoveF_MoveF_MoveF_MoveF_MoveF_MoveF_MoveF_MoveF_MoveF, canWorld
8x8, 14, 195936467, custom-astar, 16.24, 953, 29, None, MoveF_MoveF_MoveF_MoveF_MoveF_MoveF_MoveF_MoveF_MoveF_MoveF_MoveF_MoveF_MoveF_TurnCCW_MoveF_MoveF_MoveF_MoveF_MoveF_MoveF_MoveF_MoveF_MoveF_MoveF_MoveF_MoveF_MoveF_MoveF_MoveF, canWorld
8x8, 14, 20493, bfs, 10.03, 559, 18, None, TurnCCW_MoveF_MoveF_MoveF_MoveF_MoveF_MoveF_MoveF_MoveF_MoveF_MoveF_MoveF_MoveF_MoveF_MoveF_MoveF_TurnCW_MoveF, canWorld
8x8, 14, 20493, ucs, 10.20, 575, 18, None, TurnCCW_MoveF_MoveF_MoveF_MoveF_MoveF_MoveF_MoveF_MoveF_MoveF_MoveF_MoveF_MoveF_MoveF_MoveF_MoveF_TurnCW_MoveF, canWorld
8x8, 14, 20493, gbfs, 0.58, 30, 22, None, MoveF_TurnCCW_MoveF_MoveF_MoveF_MoveF_MoveF_MoveF_MoveF_MoveF_MoveF_MoveF_TurnCW_MoveF_TurnCCW_MoveF_MoveF_MoveF_MoveF_MoveF_TurnCCW_MoveF, canWorld
8x8, 14, 20493, astar, 4.37, 240, 18, None, TurnCCW_MoveF_MoveF_MoveF_MoveF_MoveF_MoveF_MoveF_MoveF_MoveF_MoveF_MoveF_MoveF_MoveF_MoveF_MoveF_TurnCW_MoveF, canWorld
8x8, 14, 20493, custom-astar, 4.61, 256, 18, None, TurnCCW_MoveF_MoveF_MoveF_MoveF_MoveF_MoveF_MoveF_MoveF_MoveF_MoveF_MoveF_MoveF_MoveF_MoveF_MoveF_TurnCW_MoveF, canWorld
12x12, 0, 3735929054, bfs, 53.19, 3091, 40, None, MoveF_MoveF_MoveF_MoveF_MoveF_MoveF_MoveF_MoveF_MoveF_MoveF_MoveF_MoveF_MoveF_MoveF_MoveF_MoveF_MoveF_MoveF_MoveF_MoveF_MoveF_MoveF_MoveF_TurnCCW_MoveF_MoveF_MoveF_MoveF_MoveF_MoveF_MoveF_MoveF_MoveF_MoveF_MoveF_MoveF_MoveF_MoveF_MoveF_MoveF, canWorld
12x12, 0, 3735929054, ucs, 50.99, 2951, 40, None, MoveF_MoveF_MoveF_MoveF_MoveF_MoveF_MoveF_MoveF_MoveF_MoveF_MoveF_MoveF_MoveF_MoveF_MoveF_MoveF_MoveF_MoveF_MoveF_MoveF_MoveF_MoveF_MoveF_TurnCCW_MoveF_MoveF_MoveF_MoveF_MoveF_MoveF_MoveF_MoveF_MoveF_MoveF_MoveF_MoveF_MoveF_MoveF_MoveF_MoveF, canWorld
12x12, 0, 3735929054, gbfs, 0.77, 41, 40, None, MoveF_MoveF_MoveF_MoveF_MoveF_MoveF_MoveF_MoveF_MoveF_MoveF_MoveF_MoveF_MoveF_MoveF_MoveF_MoveF_MoveF_MoveF_MoveF_MoveF_MoveF_MoveF_MoveF_TurnCCW_MoveF_MoveF_MoveF_MoveF_MoveF_MoveF_MoveF_MoveF_MoveF_MoveF_MoveF_MoveF_MoveF_MoveF_MoveF_MoveF, canWorld
12x12, 0, 3735929054, astar, 34.68, 1906, 40, None, MoveF_MoveF_MoveF_MoveF_MoveF_MoveF_MoveF_MoveF_MoveF_MoveF_MoveF_MoveF_MoveF_MoveF_MoveF_MoveF_MoveF_MoveF_MoveF_MoveF_MoveF_MoveF_MoveF_TurnCCW_MoveF_MoveF_MoveF_MoveF_MoveF_MoveF_MoveF_MoveF_MoveF_MoveF_MoveF_MoveF_MoveF_MoveF_MoveF_MoveF, canWorld
12x12, 0, 3735929054, custom-astar, 33.85, 1960, 40, None, MoveF_MoveF_MoveF_MoveF_MoveF_MoveF_MoveF_MoveF_MoveF_MoveF_MoveF_MoveF_MoveF_MoveF_MoveF_MoveF_MoveF_MoveF_MoveF_MoveF_MoveF_MoveF_MoveF_TurnCCW_MoveF_MoveF_MoveF_MoveF_MoveF_MoveF_MoveF_MoveF_MoveF_MoveF_MoveF_MoveF_MoveF_MoveF_MoveF_MoveF, canWorld
12x12, 0, 195936467, bfs, 1.43, 77, 7, None, MoveF_TurnCCW_MoveF_MoveF_MoveF_MoveF_MoveF, canWorld
12x12, 0, 195936467, ucs, 1.27, 69, 7, None, MoveF_TurnCCW_MoveF_MoveF_MoveF_MoveF_MoveF, canWorld
12x12, 0, 195936467, gbfs, 0.18, 8, 7, None, MoveF_TurnCCW_MoveF_MoveF_MoveF_MoveF_MoveF, canWorld
12x12, 0, 195936467, astar, 0.58, 30, 7, None, MoveF_TurnCCW_MoveF_MoveF_MoveF_MoveF_MoveF, canWorld
12x12, 0, 195936467, custom-astar, 0.52, 27, 7, None, MoveF_TurnCCW_MoveF_MoveF_MoveF_MoveF_MoveF, canWorld
12x12, 0, 20493, bfs, 3.71, 209, 11, None, MoveF_MoveF_MoveF_TurnCCW_MoveF_MoveF_MoveF_MoveF_MoveF_MoveF_MoveF, canWorld
12x12, 0, 20493, ucs, 3.37, 187, 11, None, MoveF_MoveF_MoveF_TurnCCW_MoveF_MoveF_MoveF_MoveF_MoveF_MoveF_MoveF, canWorld
12x12, 0, 20493, gbfs, 0.25, 12, 11, None, MoveF_MoveF_MoveF_TurnCCW_MoveF_MoveF_MoveF_MoveF_MoveF_MoveF_MoveF, canWorld
12x12, 0, 20493, astar, 1.73, 96, 11, None, MoveF_MoveF_MoveF_TurnCCW_MoveF_MoveF_MoveF_MoveF_MoveF_MoveF_MoveF, canWorld
12x12, 0, 20493, custom-astar, 1.63, 91, 11, None, MoveF_MoveF_MoveF_TurnCCW_MoveF_MoveF_MoveF_MoveF_MoveF_MoveF_MoveF, canWorld
12x12, 31, 3735929054, bfs, 18.72, 1054, 24, None, MoveF_MoveF_MoveF_MoveF_MoveF_MoveF_TurnCCW_MoveF_MoveF_MoveF_MoveF_MoveF_MoveF_MoveF_MoveF_MoveF_MoveF_MoveF_MoveF_MoveF_MoveF_MoveF_MoveF_MoveF, canWorld
12x12, 31, 3735929054, ucs, 17.55, 987, 24, None, MoveF_MoveF_MoveF_MoveF_MoveF_MoveF_TurnCCW_MoveF_MoveF_MoveF_MoveF_MoveF_MoveF_MoveF_MoveF_MoveF_MoveF_MoveF_MoveF_MoveF_MoveF_MoveF_MoveF_MoveF, canWorld
12x12, 31, 3735929054, gbfs, 0.46, 25, 24, None, MoveF_MoveF_MoveF_MoveF_MoveF_MoveF_TurnCCW_MoveF_MoveF_MoveF_MoveF_MoveF_MoveF_MoveF_MoveF_MoveF_MoveF_MoveF_MoveF_MoveF_MoveF_MoveF_MoveF_MoveF, canWorld
12x12, 31, 3735929054, astar, 9.71, 546, 24, None, MoveF_MoveF_MoveF_MoveF_MoveF_MoveF_TurnCCW_MoveF_MoveF_MoveF_MoveF_MoveF_MoveF_MoveF_MoveF_MoveF_MoveF_MoveF_MoveF_MoveF_MoveF_MoveF_MoveF_MoveF, canWorld
12x12, 31, 3735929054, custom-astar, 9.82, 553, 24, None, MoveF_MoveF_MoveF_MoveF_MoveF_MoveF_TurnCCW_MoveF_MoveF_MoveF_MoveF_MoveF_MoveF_MoveF_MoveF_MoveF_MoveF_MoveF_MoveF_MoveF_MoveF_MoveF_MoveF_MoveF, canWorld
12x12, 31, 195936467, bfs, 25.32, 1489, 28, None, MoveF_MoveF_MoveF_MoveF_MoveF_MoveF_MoveF_MoveF_MoveF_MoveF_MoveF_MoveF_MoveF_MoveF_MoveF_MoveF_MoveF_MoveF_MoveF_MoveF_TurnCCW_MoveF_MoveF_MoveF_MoveF_MoveF_MoveF_MoveF, canWorld
12x12, 31, 195936467, ucs, 23.50, 1379, 28, None, MoveF_MoveF_MoveF_MoveF_MoveF_MoveF_MoveF_MoveF_MoveF_MoveF_MoveF_MoveF_MoveF_MoveF_MoveF_MoveF_MoveF_MoveF_MoveF_MoveF_TurnCCW_MoveF_MoveF_MoveF_MoveF_MoveF_MoveF_MoveF, canWorld
12x12, 31, 195936467, gbfs, 0.52, 29, 28, None, MoveF_MoveF_MoveF_MoveF_MoveF_MoveF_MoveF_MoveF_MoveF_MoveF_MoveF_MoveF_MoveF_MoveF_MoveF_MoveF_MoveF_MoveF_MoveF_MoveF_TurnCCW_MoveF_MoveF_MoveF_MoveF_MoveF_MoveF_MoveF, canWorld
12x12, 31, 195936467, astar, 13.57, 789, 28, None, MoveF_MoveF_MoveF_MoveF_MoveF_MoveF_MoveF_MoveF_MoveF_MoveF_MoveF_MoveF_MoveF_MoveF_MoveF_MoveF_MoveF_MoveF_MoveF_MoveF_TurnCCW_MoveF_MoveF_MoveF_MoveF_MoveF_MoveF_MoveF, canWorld
12x12, 31, 195936467, custom-astar, 13.90, 812, 28, None, MoveF_MoveF_MoveF_MoveF_MoveF_MoveF_MoveF_MoveF_MoveF_MoveF_MoveF_MoveF_MoveF_MoveF_MoveF_MoveF_MoveF_MoveF_MoveF_MoveF_TurnCCW_MoveF_MoveF_MoveF_MoveF_MoveF_MoveF_MoveF, canWorld
12x12, 31, 20493, bfs, 46.34, 2722, 38, None, MoveF_MoveF_MoveF_MoveF_MoveF_MoveF_MoveF_MoveF_MoveF_MoveF_MoveF_MoveF_MoveF_MoveF_MoveF_MoveF_TurnCCW_MoveF_MoveF_MoveF_MoveF_MoveF_MoveF_MoveF_MoveF_MoveF_MoveF_MoveF_MoveF_MoveF_MoveF_MoveF_MoveF_MoveF_MoveF_MoveF_MoveF_MoveF, canWorld
12x12, 31, 20493, ucs, 45.66, 2590, 38, None, MoveF_MoveF_MoveF_MoveF_MoveF_MoveF_MoveF_MoveF_MoveF_MoveF_MoveF_MoveF_MoveF_MoveF_MoveF_MoveF_TurnCCW_MoveF_MoveF_MoveF_MoveF_MoveF_MoveF_MoveF_MoveF_MoveF_MoveF_MoveF_MoveF_MoveF_MoveF_MoveF_MoveF_MoveF_MoveF_MoveF_MoveF_MoveF, canWorld
12x12, 31, 20493, gbfs, 0.74, 39, 38, None, MoveF_MoveF_MoveF_MoveF_MoveF_MoveF_MoveF_MoveF_MoveF_MoveF_MoveF_MoveF_MoveF_MoveF_MoveF_MoveF_TurnCCW_MoveF_MoveF_MoveF_MoveF_MoveF_MoveF_MoveF_MoveF_MoveF_MoveF_MoveF_MoveF_MoveF_MoveF_MoveF_MoveF_MoveF_MoveF_MoveF_MoveF_MoveF, canWorld
12x12, 31, 20493, astar, 29.47, 1680, 38, None, MoveF_MoveF_MoveF_MoveF_MoveF_MoveF_MoveF_MoveF_MoveF_MoveF_MoveF_MoveF_MoveF_MoveF_MoveF_MoveF_TurnCCW_MoveF_MoveF_MoveF_MoveF_MoveF_MoveF_MoveF_MoveF_MoveF_MoveF_MoveF_MoveF_MoveF_MoveF_MoveF_MoveF_MoveF_MoveF_MoveF_MoveF_MoveF, canWorld
12x12, 31, 20493, custom-astar, 30.56, 1707, 38, None, MoveF_MoveF_MoveF_MoveF_MoveF_MoveF_MoveF_MoveF_MoveF_MoveF_MoveF_MoveF_MoveF_MoveF_MoveF_MoveF_TurnCCW_MoveF_MoveF_MoveF_MoveF_MoveF_MoveF_MoveF_MoveF_MoveF_MoveF_MoveF_MoveF_MoveF_MoveF_MoveF_MoveF_MoveF_MoveF_MoveF_MoveF_MoveF, canWorld
16x16, 0, 3735929054, bfs, 54.17, 3091, 40, None, MoveF_MoveF_MoveF_MoveF_MoveF_MoveF_MoveF_MoveF_MoveF_MoveF_MoveF_MoveF_MoveF_MoveF_MoveF_MoveF_MoveF_MoveF_MoveF_MoveF_MoveF_MoveF_MoveF_TurnCCW_MoveF_MoveF_MoveF_MoveF_MoveF_MoveF_MoveF_MoveF_MoveF_MoveF_MoveF_MoveF_MoveF_MoveF_MoveF_MoveF, canWorld
16x16, 0, 3735929054, ucs, 65.49, 2951, 40, None, MoveF_MoveF_MoveF_MoveF_MoveF_MoveF_MoveF_MoveF_MoveF_MoveF_MoveF_MoveF_MoveF_MoveF_MoveF_MoveF_MoveF_MoveF_MoveF_MoveF_MoveF_MoveF_MoveF_TurnCCW_MoveF_MoveF_MoveF_MoveF_MoveF_MoveF_MoveF_MoveF_MoveF_MoveF_MoveF_MoveF_MoveF_MoveF_MoveF_MoveF, canWorld
16x16, 0, 3735929054, gbfs, 0.98, 41, 40, None, MoveF_MoveF_MoveF_MoveF_MoveF_MoveF_MoveF_MoveF_MoveF_MoveF_MoveF_MoveF_MoveF_MoveF_MoveF_MoveF_MoveF_MoveF_MoveF_MoveF_MoveF_MoveF_MoveF_TurnCCW_MoveF_MoveF_MoveF_MoveF_MoveF_MoveF_MoveF_MoveF_MoveF_MoveF_MoveF_MoveF_MoveF_MoveF_MoveF_MoveF, canWorld
16x16, 0, 3735929054, astar, 44.00, 1906, 40, None, MoveF_MoveF_MoveF_MoveF_MoveF_MoveF_MoveF_MoveF_MoveF_MoveF_MoveF_MoveF_MoveF_MoveF_MoveF_MoveF_MoveF_MoveF_MoveF_MoveF_MoveF_MoveF_MoveF_TurnCCW_MoveF_MoveF_MoveF_MoveF_MoveF_MoveF_MoveF_MoveF_MoveF_MoveF_MoveF_MoveF_MoveF_MoveF_MoveF_MoveF, canWorld
16x16, 0, 3735929054, custom-astar, 43.17, 1960, 40, None, MoveF_MoveF_MoveF_MoveF_MoveF_MoveF_MoveF_MoveF_MoveF_MoveF_MoveF_MoveF_MoveF_MoveF_MoveF_MoveF_MoveF_MoveF_MoveF_MoveF_MoveF_MoveF_MoveF_TurnCCW_MoveF_MoveF_MoveF_MoveF_MoveF_MoveF_MoveF_MoveF_MoveF_MoveF_MoveF_MoveF_MoveF_MoveF_MoveF_MoveF, canWorld
16x16, 0, 195936467, bfs, 38.32, 1985, 32, None, MoveF_MoveF_MoveF_MoveF_MoveF_MoveF_MoveF_MoveF_MoveF_MoveF_MoveF_MoveF_MoveF_MoveF_MoveF_MoveF_MoveF_MoveF_MoveF_MoveF_MoveF_MoveF_MoveF_MoveF_MoveF_MoveF_MoveF_MoveF_MoveF_MoveF_TurnCCW_MoveF, canWorld
16x16, 0, 195936467, ucs, 33.97, 1840, 32, None, MoveF_MoveF_MoveF_MoveF_MoveF_MoveF_MoveF_MoveF_MoveF_MoveF_MoveF_MoveF_MoveF_MoveF_MoveF_MoveF_MoveF_MoveF_MoveF_MoveF_MoveF_MoveF_MoveF_MoveF_MoveF_MoveF_MoveF_MoveF_MoveF_MoveF_TurnCCW_MoveF, canWorld
16x16, 0, 195936467, gbfs, 0.61, 33, 32, None, MoveF_MoveF_MoveF_MoveF_MoveF_MoveF_MoveF_MoveF_MoveF_MoveF_MoveF_MoveF_MoveF_MoveF_MoveF_MoveF_MoveF_MoveF_MoveF_MoveF_MoveF_MoveF_MoveF_MoveF_MoveF_MoveF_MoveF_MoveF_MoveF_MoveF_TurnCCW_MoveF, canWorld
16x16, 0, 195936467, astar, 11.99, 667, 32, None, MoveF_MoveF_MoveF_MoveF_MoveF_MoveF_MoveF_MoveF_MoveF_MoveF_MoveF_MoveF_MoveF_MoveF_MoveF_MoveF_MoveF_MoveF_MoveF_MoveF_MoveF_MoveF_MoveF_MoveF_MoveF_MoveF_MoveF_MoveF_MoveF_MoveF_TurnCCW_MoveF, canWorld
16x16, 0, 195936467, custom-astar, 13.84, 779, 32, None, MoveF_MoveF_MoveF_MoveF_MoveF_MoveF_MoveF_MoveF_MoveF_MoveF_MoveF_MoveF_MoveF_MoveF_MoveF_MoveF_MoveF_MoveF_MoveF_MoveF_MoveF_MoveF_MoveF_MoveF_MoveF_MoveF_MoveF_MoveF_MoveF_MoveF_TurnCCW_MoveF, canWorld
16x16, 0, 20493, bfs, 36.80, 2057, 33, None, MoveF_MoveF_MoveF_TurnCCW_MoveF_MoveF_MoveF_MoveF_MoveF_MoveF_MoveF_MoveF_MoveF_MoveF_MoveF_MoveF_MoveF_MoveF_MoveF_MoveF_MoveF_MoveF_MoveF_MoveF_MoveF_MoveF_MoveF_MoveF_MoveF_MoveF_MoveF_MoveF_MoveF, canWorld
16x16, 0, 20493, ucs, 38.55, 1991, 33, None, MoveF_MoveF_MoveF_TurnCCW_MoveF_MoveF_MoveF_MoveF_MoveF_MoveF_MoveF_MoveF_MoveF_MoveF_MoveF_MoveF_MoveF_MoveF_MoveF_MoveF_MoveF_MoveF_MoveF_MoveF_MoveF_MoveF_MoveF_MoveF_MoveF_MoveF_MoveF_MoveF_MoveF, canWorld
16x16, 0, 20493, gbfs, 0.63, 34, 33, None, MoveF_MoveF_MoveF_TurnCCW_MoveF_MoveF_MoveF_MoveF_MoveF_MoveF_MoveF_MoveF_MoveF_MoveF_MoveF_MoveF_MoveF_MoveF_MoveF_MoveF_MoveF_MoveF_MoveF_MoveF_MoveF_MoveF_MoveF_MoveF_MoveF_MoveF_MoveF_MoveF_MoveF, canWorld
16x16, 0, 20493, astar, 14.49, 844, 33, None, MoveF_MoveF_MoveF_TurnCCW_MoveF_MoveF_MoveF_MoveF_MoveF_MoveF_MoveF_MoveF_MoveF_MoveF_MoveF_MoveF_MoveF_MoveF_MoveF_MoveF_MoveF_MoveF_MoveF_MoveF_MoveF_MoveF_MoveF_MoveF_MoveF_MoveF_MoveF_MoveF_MoveF, canWorld
16x16, 0, 20493, custom-astar, 16.21, 943, 33, None, MoveF_MoveF_MoveF_TurnCCW_MoveF_MoveF_MoveF_MoveF_MoveF_MoveF_MoveF_MoveF_MoveF_MoveF_MoveF_MoveF_MoveF_MoveF_MoveF_MoveF_MoveF_MoveF_MoveF_MoveF_MoveF_MoveF_MoveF_MoveF_MoveF_MoveF_MoveF_MoveF_MoveF, canWorld
16x16, 54, 3735929054, bfs, 57.27, 3334, 42, None, MoveF_MoveF_MoveF_MoveF_MoveF_MoveF_MoveF_MoveF_MoveF_MoveF_MoveF_MoveF_MoveF_MoveF_MoveF_MoveF_MoveF_MoveF_MoveF_MoveF_MoveF_MoveF_MoveF_MoveF_MoveF_MoveF_MoveF_TurnCCW_MoveF_MoveF_MoveF_MoveF_MoveF_MoveF_MoveF_MoveF_MoveF_MoveF_MoveF_MoveF_MoveF_MoveF, canWorld
16x16, 54, 3735929054, ucs, 53.99, 3154, 42, None, MoveF_MoveF_MoveF_MoveF_MoveF_MoveF_MoveF_MoveF_MoveF_MoveF_MoveF_MoveF_MoveF_MoveF_MoveF_MoveF_MoveF_MoveF_MoveF_MoveF_MoveF_MoveF_MoveF_MoveF_MoveF_MoveF_MoveF_TurnCCW_MoveF_MoveF_MoveF_MoveF_MoveF_MoveF_MoveF_MoveF_MoveF_MoveF_MoveF_MoveF_MoveF_MoveF, canWorld
16x16, 54, 3735929054, gbfs, 0.77, 43, 42, None, MoveF_MoveF_MoveF_MoveF_MoveF_MoveF_MoveF_MoveF_MoveF_MoveF_MoveF_MoveF_MoveF_MoveF_MoveF_MoveF_MoveF_MoveF_MoveF_MoveF_MoveF_MoveF_MoveF_MoveF_MoveF_MoveF_MoveF_TurnCCW_MoveF_MoveF_MoveF_MoveF_MoveF_MoveF_MoveF_MoveF_MoveF_MoveF_MoveF_MoveF_MoveF_MoveF, canWorld
16x16, 54, 3735929054, astar, 33.25, 1947, 42, None, MoveF_MoveF_MoveF_MoveF_MoveF_MoveF_MoveF_MoveF_MoveF_MoveF_MoveF_MoveF_MoveF_MoveF_MoveF_MoveF_MoveF_MoveF_MoveF_MoveF_MoveF_MoveF_MoveF_MoveF_MoveF_MoveF_MoveF_TurnCCW_MoveF_MoveF_MoveF_MoveF_MoveF_MoveF_MoveF_MoveF_MoveF_MoveF_MoveF_MoveF_MoveF_MoveF, canWorld
16x16, 54, 3735929054, custom-astar, 34.40, 2012, 42, None, MoveF_MoveF_MoveF_MoveF_MoveF_MoveF_MoveF_MoveF_MoveF_MoveF_MoveF_MoveF_MoveF_MoveF_MoveF_MoveF_MoveF_MoveF_MoveF_MoveF_MoveF_MoveF_MoveF_MoveF_MoveF_MoveF_MoveF_TurnCCW_MoveF_MoveF_MoveF_MoveF_MoveF_MoveF_MoveF_MoveF_MoveF_MoveF_MoveF_MoveF_MoveF_MoveF, canWorld
16x16, 54, 195936467, bfs, 22.77, 1304, 27, None, TurnCCW_MoveF_MoveF_MoveF_MoveF_MoveF_MoveF_MoveF_MoveF_MoveF_MoveF_MoveF_MoveF_MoveF_MoveF_MoveF_TurnCW_MoveF_MoveF_MoveF_MoveF_MoveF_MoveF_MoveF_MoveF_MoveF_MoveF, canWorld
16x16, 54, 195936467, ucs, 22.84, 1338, 27, None, MoveF_MoveF_MoveF_MoveF_MoveF_MoveF_MoveF_MoveF_MoveF_TurnCCW_MoveF_MoveF_MoveF_MoveF_MoveF_MoveF_MoveF_MoveF_MoveF_MoveF_MoveF_MoveF_MoveF_MoveF_MoveF_TurnCW_MoveF, canWorld
16x16, 54, 195936467, gbfs, 0.70, 40, 31, None, MoveF_MoveF_MoveF_MoveF_MoveF_MoveF_MoveF_MoveF_MoveF_MoveF_TurnCCW_MoveF_MoveF_MoveF_MoveF_MoveF_MoveF_MoveF_MoveF_MoveF_MoveF_MoveF_MoveF_TurnCW_MoveF_TurnCCW_MoveF_MoveF_MoveF_TurnCCW_MoveF, canWorld
16x16, 54, 195936467, astar, 15.49, 885, 27, None, MoveF_MoveF_MoveF_MoveF_MoveF_MoveF_MoveF_MoveF_MoveF_TurnCCW_MoveF_MoveF_MoveF_MoveF_MoveF_MoveF_MoveF_MoveF_MoveF_MoveF_MoveF_MoveF_MoveF_MoveF_MoveF_TurnCW_MoveF, canWorld
16x16, 54, 195936467, custom-astar, 16.30, 904, 27, None, MoveF_MoveF_MoveF_MoveF_MoveF_MoveF_MoveF_MoveF_MoveF_TurnCCW_MoveF_MoveF_MoveF_MoveF_MoveF_MoveF_MoveF_MoveF_MoveF_MoveF_MoveF_MoveF_MoveF_MoveF_MoveF_TurnCW_MoveF, canWorld
16x16, 54, 20493, bfs, 18.69, 1048, 24, None, MoveF_MoveF_MoveF_MoveF_MoveF_MoveF_MoveF_MoveF_MoveF_MoveF_MoveF_MoveF_MoveF_MoveF_MoveF_MoveF_MoveF_TurnCCW_MoveF_MoveF_MoveF_MoveF_MoveF_MoveF, canWorld
16x16, 54, 20493, ucs, 16.48, 926, 24, None, MoveF_MoveF_MoveF_MoveF_MoveF_MoveF_MoveF_MoveF_MoveF_MoveF_MoveF_MoveF_MoveF_MoveF_MoveF_MoveF_MoveF_TurnCCW_MoveF_MoveF_MoveF_MoveF_MoveF_MoveF, canWorld
16x16, 54, 20493, gbfs, 0.47, 25, 24, None, MoveF_MoveF_MoveF_MoveF_MoveF_MoveF_MoveF_MoveF_MoveF_MoveF_MoveF_MoveF_MoveF_MoveF_MoveF_MoveF_MoveF_TurnCCW_MoveF_MoveF_MoveF_MoveF_MoveF_MoveF, canWorld
16x16, 54, 20493, astar, 9.59, 534, 24, None, MoveF_MoveF_MoveF_MoveF_MoveF_MoveF_MoveF_MoveF_MoveF_MoveF_MoveF_MoveF_MoveF_MoveF_MoveF_MoveF_MoveF_TurnCCW_MoveF_MoveF_MoveF_MoveF_MoveF_MoveF, canWorld
16x16, 54, 20493, custom-astar, 9.53, 538, 24, None, MoveF_MoveF_MoveF_MoveF_MoveF_MoveF_MoveF_MoveF_MoveF_MoveF_MoveF_MoveF_MoveF_MoveF_MoveF_MoveF_MoveF_TurnCCW_MoveF_MoveF_MoveF_MoveF_MoveF_MoveF, canWorld
3x6, 0, 3735929054, bfs, 8.47, 472, 25, None, MoveF_TurnCCW_MoveF_MoveF_TurnCW_MoveF_MoveF_TurnCCW_MoveF_MoveF_MoveF_MoveF_MoveF_MoveF_MoveF_MoveF_MoveF_MoveF_TurnCCW_MoveF_MoveF_TurnCW_MoveF_MoveF_MoveF, cafeWorld
3x6, 0, 3735929054, ucs, 8.82, 492, 25, None, MoveF_TurnCCW_MoveF_MoveF_MoveF_MoveF_MoveF_MoveF_MoveF_MoveF_MoveF_TurnCW_MoveF_MoveF_TurnCCW_MoveF_MoveF_MoveF_TurnCCW_MoveF_MoveF_TurnCW_MoveF_MoveF_MoveF, cafeWorld
3x6, 0, 3735929054, gbfs, 0.79, 43, 27, None, MoveF_TurnCCW_MoveF_MoveF_MoveF_MoveF_MoveF_MoveF_MoveF_MoveF_MoveF_TurnCW_MoveF_TurnCCW_MoveF_TurnCW_MoveF_TurnCCW_MoveF_MoveF_TurnCCW_MoveF_MoveF_TurnCW_MoveF_MoveF_MoveF, cafeWorld
3x6, 0, 3735929054, astar, 7.82, 425, 25, None, MoveF_TurnCCW_MoveF_MoveF_MoveF_MoveF_MoveF_MoveF_MoveF_MoveF_MoveF_TurnCW_MoveF_MoveF_TurnCCW_MoveF_MoveF_MoveF_TurnCCW_MoveF_MoveF_TurnCW_MoveF_MoveF_MoveF, cafeWorld
3x6, 0, 3735929054, custom-astar, 9.15, 425, 25, None, MoveF_TurnCCW_MoveF_MoveF_MoveF_MoveF_MoveF_MoveF_MoveF_MoveF_MoveF_TurnCW_MoveF_MoveF_TurnCCW_MoveF_MoveF_MoveF_TurnCCW_MoveF_MoveF_TurnCW_MoveF_MoveF_MoveF, cafeWorld
3x6, 0, 195936467, bfs, 7.98, 443, 24, None, MoveF_TurnCCW_MoveF_MoveF_TurnCW_MoveF_MoveF_TurnCCW_MoveF_MoveF_MoveF_MoveF_MoveF_MoveF_MoveF_MoveF_MoveF_MoveF_TurnCCW_MoveF_TurnCW_MoveF_MoveF_MoveF, cafeWorld
3x6, 0, 195936467, ucs, 8.49, 471, 24, None, MoveF_TurnCCW_MoveF_MoveF_MoveF_MoveF_MoveF_MoveF_MoveF_MoveF_MoveF_TurnCW_MoveF_MoveF_TurnCCW_MoveF_MoveF_MoveF_TurnCCW_MoveF_TurnCW_MoveF_MoveF_MoveF, cafeWorld
3x6, 0, 195936467, gbfs, 0.74, 38, 26, None, MoveF_TurnCCW_MoveF_MoveF_MoveF_MoveF_MoveF_MoveF_MoveF_MoveF_MoveF_TurnCW_MoveF_TurnCCW_MoveF_TurnCW_MoveF_TurnCCW_MoveF_MoveF_TurnCCW_MoveF_TurnCW_MoveF_MoveF_MoveF, cafeWorld
3x6, 0, 195936467, astar, 7.45, 408, 24, None, MoveF_TurnCCW_MoveF_MoveF_MoveF_MoveF_MoveF_MoveF_MoveF_MoveF_MoveF_TurnCW_MoveF_MoveF_TurnCCW_MoveF_MoveF_MoveF_TurnCCW_MoveF_TurnCW_MoveF_MoveF_MoveF, cafeWorld
3x6, 0, 195936467, custom-astar, 7.48, 410, 24, None, MoveF_TurnCCW_MoveF_MoveF_MoveF_MoveF_MoveF_MoveF_MoveF_MoveF_MoveF_TurnCW_MoveF_MoveF_TurnCCW_MoveF_MoveF_MoveF_TurnCCW_MoveF_TurnCW_MoveF_MoveF_MoveF, cafeWorld
3x6, 0, 20493, bfs, 8.13, 472, 25, None, MoveF_TurnCCW_MoveF_MoveF_TurnCW_MoveF_MoveF_TurnCCW_MoveF_MoveF_MoveF_MoveF_MoveF_MoveF_MoveF_MoveF_MoveF_MoveF_TurnCCW_MoveF_MoveF_TurnCW_MoveF_MoveF_MoveF, cafeWorld
3x6, 0, 20493, ucs, 8.41, 492, 25, None, MoveF_TurnCCW_MoveF_MoveF_MoveF_MoveF_MoveF_MoveF_MoveF_MoveF_MoveF_TurnCW_MoveF_MoveF_TurnCCW_MoveF_MoveF_MoveF_TurnCCW_MoveF_MoveF_TurnCW_MoveF_MoveF_MoveF, cafeWorld
3x6, 0, 20493, gbfs, 0.77, 43, 27, None, MoveF_TurnCCW_MoveF_MoveF_MoveF_MoveF_MoveF_MoveF_MoveF_MoveF_MoveF_TurnCW_MoveF_TurnCCW_MoveF_TurnCW_MoveF_TurnCCW_MoveF_MoveF_TurnCCW_MoveF_MoveF_TurnCW_MoveF_MoveF_MoveF, cafeWorld
3x6, 0, 20493, astar, 7.24, 425, 25, None, MoveF_TurnCCW_MoveF_MoveF_MoveF_MoveF_MoveF_MoveF_MoveF_MoveF_MoveF_TurnCW_MoveF_MoveF_TurnCCW_MoveF_MoveF_MoveF_TurnCCW_MoveF_MoveF_TurnCW_MoveF_MoveF_MoveF, cafeWorld
3x6, 0, 20493, custom-astar, 7.30, 425, 25, None, MoveF_TurnCCW_MoveF_MoveF_MoveF_MoveF_MoveF_MoveF_MoveF_MoveF_MoveF_TurnCW_MoveF_MoveF_TurnCCW_MoveF_MoveF_MoveF_TurnCCW_MoveF_MoveF_TurnCW_MoveF_MoveF_MoveF, cafeWorld
3x6, 1, 3735929054, bfs, 8.20, 452, 25, None, MoveF_TurnCCW_MoveF_MoveF_MoveF_MoveF_TurnCW_MoveF_MoveF_TurnCCW_MoveF_MoveF_MoveF_MoveF_MoveF_MoveF_MoveF_MoveF_TurnCCW_MoveF_MoveF_TurnCW_MoveF_MoveF_MoveF, cafeWorld
3x6, 1, 3735929054, ucs, 8.35, 472, 25, None, MoveF_TurnCCW_MoveF_MoveF_MoveF_MoveF_MoveF_MoveF_MoveF_MoveF_MoveF_TurnCW_MoveF_MoveF_TurnCCW_MoveF_MoveF_MoveF_TurnCCW_MoveF_MoveF_TurnCW_MoveF_MoveF_MoveF, cafeWorld
3x6, 1, 3735929054, gbfs, 0.78, 43, 27, None, MoveF_TurnCCW_MoveF_MoveF_MoveF_MoveF_MoveF_MoveF_MoveF_MoveF_MoveF_TurnCW_MoveF_TurnCCW_MoveF_TurnCW_MoveF_TurnCCW_MoveF_MoveF_TurnCCW_MoveF_MoveF_TurnCW_MoveF_MoveF_MoveF, cafeWorld
3x6, 1, 3735929054, astar, 7.13, 399, 25, None, MoveF_TurnCCW_MoveF_MoveF_MoveF_MoveF_MoveF_MoveF_MoveF_MoveF_MoveF_TurnCW_MoveF_MoveF_TurnCCW_MoveF_MoveF_MoveF_TurnCCW_MoveF_MoveF_TurnCW_MoveF_MoveF_MoveF, cafeWorld
3x6, 1, 3735929054, custom-astar, 7.22, 404, 25, None, MoveF_TurnCCW_MoveF_MoveF_MoveF_MoveF_MoveF_MoveF_MoveF_MoveF_MoveF_TurnCW_MoveF_MoveF_TurnCCW_MoveF_MoveF_MoveF_TurnCCW_MoveF_MoveF_TurnCW_MoveF_MoveF_MoveF, cafeWorld
3x6, 1, 195936467, bfs, 7.72, 452, 25, None, MoveF_TurnCCW_MoveF_MoveF_MoveF_MoveF_TurnCW_MoveF_MoveF_TurnCCW_MoveF_MoveF_MoveF_MoveF_MoveF_MoveF_MoveF_MoveF_TurnCCW_MoveF_MoveF_TurnCW_MoveF_MoveF_MoveF, cafeWorld
3x6, 1, 195936467, ucs, 8.02, 472, 25, None, MoveF_TurnCCW_MoveF_MoveF_MoveF_MoveF_MoveF_MoveF_MoveF_MoveF_MoveF_TurnCW_MoveF_MoveF_TurnCCW_MoveF_MoveF_MoveF_TurnCCW_MoveF_MoveF_TurnCW_MoveF_MoveF_MoveF, cafeWorld
3x6, 1, 195936467, gbfs, 0.77, 43, 27, None, MoveF_TurnCCW_MoveF_MoveF_MoveF_MoveF_MoveF_MoveF_MoveF_MoveF_MoveF_TurnCW_MoveF_TurnCCW_MoveF_TurnCW_MoveF_TurnCCW_MoveF_MoveF_TurnCCW_MoveF_MoveF_TurnCW_MoveF_MoveF_MoveF, cafeWorld
3x6, 1, 195936467, astar, 6.80, 399, 25, None, MoveF_TurnCCW_MoveF_MoveF_MoveF_MoveF_MoveF_MoveF_MoveF_MoveF_MoveF_TurnCW_MoveF_MoveF_TurnCCW_MoveF_MoveF_MoveF_TurnCCW_MoveF_MoveF_TurnCW_MoveF_MoveF_MoveF, cafeWorld
3x6, 1, 195936467, custom-astar, 6.88, 404, 25, None, MoveF_TurnCCW_MoveF_MoveF_MoveF_MoveF_MoveF_MoveF_MoveF_MoveF_MoveF_TurnCW_MoveF_MoveF_TurnCCW_MoveF_MoveF_MoveF_TurnCCW_MoveF_MoveF_TurnCW_MoveF_MoveF_MoveF, cafeWorld
3x6, 1, 20493, bfs, 8.54, 481, 27, None, MoveF_TurnCCW_MoveF_MoveF_TurnCW_MoveF_MoveF_MoveF_TurnCCW_MoveF_MoveF_MoveF_MoveF_MoveF_MoveF_MoveF_MoveF_MoveF_MoveF_TurnCCW_MoveF_MoveF_MoveF_TurnCW_MoveF_MoveF_MoveF, cafeWorld
3x6, 1, 20493, ucs, 8.82, 500, 27, None, MoveF_TurnCCW_MoveF_MoveF_MoveF_MoveF_MoveF_MoveF_MoveF_TurnCW_MoveF_MoveF_MoveF_TurnCCW_MoveF_MoveF_MoveF_MoveF_MoveF_TurnCCW_MoveF_MoveF_MoveF_TurnCW_MoveF_MoveF_MoveF, cafeWorld
3x6, 1, 20493, gbfs, 1.61, 89, 27, None, MoveF_TurnCCW_MoveF_MoveF_MoveF_MoveF_MoveF_MoveF_MoveF_TurnCW_MoveF_MoveF_MoveF_TurnCCW_MoveF_MoveF_MoveF_MoveF_MoveF_TurnCCW_MoveF_MoveF_MoveF_TurnCW_MoveF_MoveF_MoveF, cafeWorld
3x6, 1, 20493, astar, 7.93, 444, 27, None, MoveF_TurnCCW_MoveF_MoveF_MoveF_MoveF_MoveF_MoveF_MoveF_TurnCW_MoveF_MoveF_MoveF_TurnCCW_MoveF_MoveF_MoveF_MoveF_MoveF_TurnCCW_MoveF_MoveF_MoveF_TurnCW_MoveF_MoveF_MoveF, cafeWorld
3x6, 1, 20493, custom-astar, 7.86, 440, 27, None, MoveF_TurnCCW_MoveF_MoveF_MoveF_MoveF_MoveF_MoveF_MoveF_TurnCW_MoveF_MoveF_MoveF_TurnCCW_MoveF_MoveF_MoveF_MoveF_MoveF_TurnCCW_MoveF_MoveF_MoveF_TurnCW_MoveF_MoveF_MoveF, cafeWorld
3x6, 2, 3735929054, bfs, 7.06, 407, 24, None, MoveF_TurnCCW_MoveF_MoveF_MoveF_MoveF_TurnCW_MoveF_MoveF_TurnCCW_MoveF_MoveF_MoveF_MoveF_MoveF_MoveF_MoveF_MoveF_TurnCCW_MoveF_TurnCW_MoveF_MoveF_MoveF, cafeWorld
3x6, 2, 3735929054, ucs, 7.33, 435, 24, None, MoveF_TurnCCW_MoveF_MoveF_MoveF_MoveF_MoveF_MoveF_MoveF_MoveF_MoveF_TurnCW_MoveF_MoveF_TurnCCW_MoveF_MoveF_MoveF_TurnCCW_MoveF_TurnCW_MoveF_MoveF_MoveF, cafeWorld
3x6, 2, 3735929054, gbfs, 0.68, 38, 26, None, MoveF_TurnCCW_MoveF_MoveF_MoveF_MoveF_MoveF_MoveF_MoveF_MoveF_MoveF_TurnCW_MoveF_TurnCCW_MoveF_TurnCW_MoveF_TurnCCW_MoveF_MoveF_TurnCCW_MoveF_TurnCW_MoveF_MoveF_MoveF, cafeWorld
3x6, 2, 3735929054, astar, 6.29, 366, 24, None, MoveF_TurnCCW_MoveF_MoveF_MoveF_MoveF_MoveF_MoveF_MoveF_MoveF_MoveF_TurnCW_MoveF_MoveF_TurnCCW_MoveF_MoveF_MoveF_TurnCCW_MoveF_TurnCW_MoveF_MoveF_MoveF, cafeWorld
3x6, 2, 3735929054, custom-astar, 6.34, 372, 24, None, MoveF_TurnCCW_MoveF_MoveF_MoveF_MoveF_MoveF_MoveF_MoveF_MoveF_MoveF_TurnCW_MoveF_MoveF_TurnCCW_MoveF_MoveF_MoveF_TurnCCW_MoveF_TurnCW_MoveF_MoveF_MoveF, cafeWorld
3x6, 2, 195936467, bfs, 6.94, 403, 24, None, MoveF_TurnCCW_MoveF_MoveF_MoveF_MoveF_TurnCW_MoveF_MoveF_TurnCCW_MoveF_MoveF_MoveF_MoveF_MoveF_MoveF_MoveF_MoveF_TurnCCW_MoveF_TurnCW_MoveF_MoveF_MoveF, cafeWorld
3x6, 2, 195936467, ucs, 7.20, 421, 24, None, MoveF_TurnCCW_MoveF_MoveF_MoveF_MoveF_MoveF_MoveF_MoveF_MoveF_MoveF_TurnCW_MoveF_MoveF_TurnCCW_MoveF_MoveF_MoveF_TurnCCW_MoveF_TurnCW_MoveF_MoveF_MoveF, cafeWorld
3x6, 2, 195936467, gbfs, 0.67, 38, 26, None, MoveF_TurnCCW_MoveF_MoveF_MoveF_MoveF_MoveF_MoveF_MoveF_MoveF_MoveF_TurnCW_MoveF_TurnCCW_MoveF_TurnCW_MoveF_TurnCCW_MoveF_MoveF_TurnCCW_MoveF_TurnCW_MoveF_MoveF_MoveF, cafeWorld
3x6, 2, 195936467, astar, 6.21, 357, 24, None, MoveF_TurnCCW_MoveF_MoveF_MoveF_MoveF_MoveF_MoveF_MoveF_MoveF_MoveF_TurnCW_MoveF_MoveF_TurnCCW_MoveF_MoveF_MoveF_TurnCCW_MoveF_TurnCW_MoveF_MoveF_MoveF, cafeWorld
3x6, 2, 195936467, custom-astar, 6.13, 360, 24, None, MoveF_TurnCCW_MoveF_MoveF_MoveF_MoveF_MoveF_MoveF_MoveF_MoveF_MoveF_TurnCW_MoveF_MoveF_TurnCCW_MoveF_MoveF_MoveF_TurnCCW_MoveF_TurnCW_MoveF_MoveF_MoveF, cafeWorld
3x6, 2, 20493, bfs, 8.29, 460, 27, None, MoveF_TurnCCW_MoveF_MoveF_TurnCW_MoveF_MoveF_MoveF_TurnCCW_MoveF_MoveF_MoveF_MoveF_MoveF_MoveF_MoveF_MoveF_MoveF_MoveF_TurnCCW_MoveF_MoveF_MoveF_TurnCW_MoveF_MoveF_MoveF, cafeWorld
3x6, 2, 20493, ucs, 8.37, 465, 27, None, MoveF_TurnCCW_MoveF_MoveF_MoveF_MoveF_MoveF_MoveF_MoveF_TurnCW_MoveF_MoveF_MoveF_TurnCCW_MoveF_MoveF_MoveF_MoveF_MoveF_TurnCCW_MoveF_MoveF_MoveF_TurnCW_MoveF_MoveF_MoveF, cafeWorld
3x6, 2, 20493, gbfs, 1.60, 89, 27, None, MoveF_TurnCCW_MoveF_MoveF_MoveF_MoveF_MoveF_MoveF_MoveF_TurnCW_MoveF_MoveF_MoveF_TurnCCW_MoveF_MoveF_MoveF_MoveF_MoveF_TurnCCW_MoveF_MoveF_MoveF_TurnCW_MoveF_MoveF_MoveF, cafeWorld
3x6, 2, 20493, astar, 7.24, 405, 27, None, MoveF_TurnCCW_MoveF_MoveF_MoveF_MoveF_MoveF_MoveF_MoveF_TurnCW_MoveF_MoveF_MoveF_TurnCCW_MoveF_MoveF_MoveF_MoveF_MoveF_TurnCCW_MoveF_MoveF_MoveF_TurnCW_MoveF_MoveF_MoveF, cafeWorld
3x6, 2, 20493, custom-astar, 7.17, 406, 27, None, MoveF_TurnCCW_MoveF_MoveF_MoveF_MoveF_MoveF_MoveF_MoveF_TurnCW_MoveF_MoveF_MoveF_TurnCCW_MoveF_MoveF_MoveF_MoveF_MoveF_TurnCCW_MoveF_MoveF_MoveF_TurnCW_MoveF_MoveF_MoveF, cafeWorld
3x6, 4, 3735929054, bfs, 7.78, 424, 27, None, MoveF_TurnCCW_MoveF_MoveF_MoveF_MoveF_TurnCW_MoveF_MoveF_MoveF_TurnCCW_MoveF_MoveF_MoveF_MoveF_MoveF_MoveF_MoveF_MoveF_TurnCCW_MoveF_MoveF_MoveF_TurnCW_MoveF_MoveF_MoveF, cafeWorld
3x6, 4, 3735929054, ucs, 7.77, 429, 27, None, MoveF_TurnCCW_MoveF_MoveF_MoveF_MoveF_MoveF_MoveF_MoveF_TurnCW_MoveF_MoveF_MoveF_TurnCCW_MoveF_MoveF_MoveF_MoveF_MoveF_TurnCCW_MoveF_MoveF_MoveF_TurnCW_MoveF_MoveF_MoveF, cafeWorld
3x6, 4, 3735929054, gbfs, 1.51, 89, 27, None, MoveF_TurnCCW_MoveF_MoveF_MoveF_MoveF_MoveF_MoveF_MoveF_TurnCW_MoveF_MoveF_MoveF_TurnCCW_MoveF_MoveF_MoveF_MoveF_MoveF_TurnCCW_MoveF_MoveF_MoveF_TurnCW_MoveF_MoveF_MoveF, cafeWorld
3x6, 4, 3735929054, astar, 6.33, 369, 27, None, MoveF_TurnCCW_MoveF_MoveF_MoveF_MoveF_MoveF_MoveF_MoveF_TurnCW_MoveF_MoveF_MoveF_TurnCCW_MoveF_MoveF_MoveF_MoveF_MoveF_TurnCCW_MoveF_MoveF_MoveF_TurnCW_MoveF_MoveF_MoveF, cafeWorld
3x6, 4, 3735929054, custom-astar, 6.34, 370, 27, None, MoveF_TurnCCW_MoveF_MoveF_MoveF_MoveF_MoveF_MoveF_MoveF_TurnCW_MoveF_MoveF_MoveF_TurnCCW_MoveF_MoveF_MoveF_MoveF_MoveF_TurnCCW_MoveF_MoveF_MoveF_TurnCW_MoveF_MoveF_MoveF, cafeWorld
3x6, 4, 195936467, bfs, 6.55, 382, 25, None, MoveF_TurnCCW_MoveF_MoveF_MoveF_MoveF_TurnCW_MoveF_MoveF_TurnCCW_MoveF_MoveF_MoveF_MoveF_MoveF_MoveF_MoveF_MoveF_TurnCCW_MoveF_MoveF_TurnCW_MoveF_MoveF_MoveF, cafeWorld
3x6, 4, 195936467, ucs, 6.74, 375, 25, None, MoveF_TurnCCW_MoveF_MoveF_MoveF_MoveF_MoveF_MoveF_MoveF_MoveF_MoveF_TurnCW_MoveF_MoveF_TurnCCW_MoveF_MoveF_MoveF_TurnCCW_MoveF_MoveF_TurnCW_MoveF_MoveF_MoveF, cafeWorld
3x6, 4, 195936467, gbfs, 0.78, 43, 27, None, MoveF_TurnCCW_MoveF_MoveF_MoveF_MoveF_MoveF_MoveF_MoveF_MoveF_MoveF_TurnCW_MoveF_TurnCCW_MoveF_TurnCW_MoveF_TurnCCW_MoveF_MoveF_TurnCCW_MoveF_MoveF_TurnCW_MoveF_MoveF_MoveF, cafeWorld
3x6, 4, 195936467, astar, 5.44, 316, 25, None, MoveF_TurnCCW_MoveF_MoveF_MoveF_MoveF_MoveF_MoveF_MoveF_MoveF_MoveF_TurnCW_MoveF_MoveF_TurnCCW_MoveF_MoveF_MoveF_TurnCCW_MoveF_MoveF_TurnCW_MoveF_MoveF_MoveF, cafeWorld
3x6, 4, 195936467, custom-astar, 5.46, 320, 25, None, MoveF_TurnCCW_MoveF_MoveF_MoveF_MoveF_MoveF_MoveF_MoveF_MoveF_MoveF_TurnCW_MoveF_MoveF_TurnCCW_MoveF_MoveF_MoveF_TurnCCW_MoveF_MoveF_TurnCW_MoveF_MoveF_MoveF, cafeWorld
3x6, 4, 20493, bfs, 7.53, 420, 27, None, MoveF_TurnCCW_MoveF_MoveF_MoveF_MoveF_TurnCW_MoveF_MoveF_MoveF_TurnCCW_MoveF_MoveF_MoveF_MoveF_MoveF_MoveF_MoveF_MoveF_TurnCCW_MoveF_MoveF_MoveF_TurnCW_MoveF_MoveF_MoveF, cafeWorld
3x6, 4, 20493, ucs, 7.71, 425, 27, None, MoveF_TurnCCW_MoveF_MoveF_MoveF_MoveF_MoveF_MoveF_MoveF_TurnCW_MoveF_MoveF_MoveF_TurnCCW_MoveF_MoveF_MoveF_MoveF_MoveF_TurnCCW_MoveF_MoveF_MoveF_TurnCW_MoveF_MoveF_MoveF, cafeWorld
3x6, 4, 20493, gbfs, 1.61, 89, 27, None, MoveF_TurnCCW_MoveF_MoveF_MoveF_MoveF_MoveF_MoveF_MoveF_TurnCW_MoveF_MoveF_MoveF_TurnCCW_MoveF_MoveF_MoveF_MoveF_MoveF_TurnCCW_MoveF_MoveF_MoveF_TurnCW_MoveF_MoveF_MoveF, cafeWorld
3x6, 4, 20493, astar, 6.49, 365, 27, None, MoveF_TurnCCW_MoveF_MoveF_MoveF_MoveF_MoveF_MoveF_MoveF_TurnCW_MoveF_MoveF_MoveF_TurnCCW_MoveF_MoveF_MoveF_MoveF_MoveF_TurnCCW_MoveF_MoveF_MoveF_TurnCW_MoveF_MoveF_MoveF, cafeWorld
3x6, 4, 20493, custom-astar, 6.82, 366, 27, None, MoveF_TurnCCW_MoveF_MoveF_MoveF_MoveF_MoveF_MoveF_MoveF_TurnCW_MoveF_MoveF_MoveF_TurnCCW_MoveF_MoveF_MoveF_MoveF_MoveF_TurnCCW_MoveF_MoveF_MoveF_TurnCW_MoveF_MoveF_MoveF, cafeWorld
